Workbook

Sheet Accueil
B2: AXIS IMPORT — GESTION DES CONVOYAGES
B4: Suivi d'activité des convoyeurs · France & Europe · Version 1 (base de données)
B6: Contenu du classeur
B7: Convoyages | C7: Saisie de chaque trajet : date, convoyeur, lieux, distance, montant, charges, TVA, bénéfice.
B8: Synthèse | C8: Totaux automatiques par mois, par année et par convoyeur (nb, distance, CA, bénéfice).
B9: Convoyeurs | C9: Liste des convoyeurs — alimente le menu déroulant. Ajoute une ligne pour un nouveau convoyeur.
B10: Clients | C10: Liste des clients (menu déroulant).
B11: Véhicules | C11: Liste des véhicules convoyés (menu déroulant).
B12: Lieux | C12: Villes de France & d'Europe — alimente les menus Départ / Arrivée.
B13: Paramètres | C13: Taux de TVA et grille des options (modifiable au même endroit).
B15: Mode d'emploi
B16: Cellules JAUNES | C16: à remplir par toi (date, convoyeur, lieux, distance, montant, carburant, péages, nourriture).
B17: Cellules GRISES | C17: calculées automatiquement (TVA collectée, TTC, TVA déductible, bénéfice/perte). Ne pas y écrire.
B18: Menus déroulants | C18: convoyeur, client, véhicule, lieux : clique sur la cellule puis sur la flèche.
B19: Ajouter un convoyeur | C19: va dans l'onglet Convoyeurs et écris son nom sur une nouvelle ligne : il apparaît dans le menu.
B20: Date | C20: saisie au format JJ/MM/AAAA. (Le calendrier cliquable arrive en V3 avec les macros.)
B22: Feuille de route
B23: V1 — Base de données | C23: Sheets, listes déroulantes, calculs TVA/TTC/bénéfice, mise en forme. (cette version)
B24: V2 — Tableau de bord | C24: Statistiques jour/mois/année, graphiques, classement des convoyeurs.
B25: V3 — Formulaires VBA | C25: Boutons Ajouter/Modifier/Supprimer, recherche instantanée, calendrier intégré.
B26: V4 — Facturation | C26: Facturation automatique, export PDF, numérotation, gestion TVA.

Sheet Convoyages
A1: CONVOYAGES — France / Europe
A2: Une ligne = un trajet. Cellules jaunes = à remplir · cellules grises = calculées automatiquement.
A3: Date | B3: Convoyeur | C3: Client | D3: Véhicule | E3: Lieu Départ | F3: Lieu Arrivée | G3: Distance (km) | H3: Montant HT (€) | I3: TVA collectée (€) | J3: Montant TTC (€) | K3: Carburant (€) | L3: Péages (€) | M3: Nourriture (€) | N3: TVA déductible (€) | O3: Bénéfice / Perte (€) | P3: Année | Q3: Mois
A4: 46037 | B4: Mamadou Bah | C4: Transports Diallo SARL | D4: Peugeot 508 | E4: Paris · France | F4: Lyon · France | G4: 465 | H4: 520 | I4: =IF($H4="","",$H4*Paramètres!$B$3) | J4: =IF($H4="","",$H4+$I4) | K4: 78 | L4: 42 | M4: 18 | N4: =IF(SUM($K4:$M4)=0,"",SUM($K4:$M4)*(Paramètres!$B$3/(1+Paramètres!$B$3))) | O4: =IF($H4="","",$H4-SUM($K4:$M4)+IF($N4="",0,$N4)) | P4: =IF($A4="","",YEAR($A4)) | Q4: =IF($A4="","",MONTH($A4))
I5: =IF($H5="","",$H5*Paramètres!$B$3) | J5: =IF($H5="","",$H5+$I5) | N5: =IF(SUM($K5:$M5)=0,"",SUM($K5:$M5)*(Paramètres!$B$3/(1+Paramètres!$B$3))) | O5: =IF($H5="","",$H5-SUM($K5:$M5)+IF($N5="",0,$N5)) | P5: =IF($A5="","",YEAR($A5)) | Q5: =IF($A5="","",MONTH($A5))
I6: =IF($H6="","",$H6*Paramètres!$B$3) | J6: =IF($H6="","",$H6+$I6) | N6: =IF(SUM($K6:$M6)=0,"",SUM($K6:$M6)*(Paramètres!$B$3/(1+Paramètres!$B$3))) | O6: =IF($H6="","",$H6-SUM($K6:$M6)+IF($N6="",0,$N6)) | P6: =IF($A6="","",YEAR($A6)) | Q6: =IF($A6="","",MONTH($A6))
I7: =IF($H7="","",$H7*Paramètres!$B$3) | J7: =IF($H7="","",$H7+$I7) | N7: =IF(SUM($K7:$M7)=0,"",SUM($K7:$M7)*(Paramètres!$B$3/(1+Paramètres!$B$3))) | O7: =IF($H7="","",$H7-SUM($K7:$M7)+IF($N7="",0,$N7)) | P7: =IF($A7="","",YEAR($A7)) | Q7: =IF($A7="","",MONTH($A7))
I8: =IF($H8="","",$H8*Paramètres!$B$3) | J8: =IF($H8="","",$H8+$I8) | N8: =IF(SUM($K8:$M8)=0,"",SUM($K8:$M8)*(Paramètres!$B$3/(1+Paramètres!$B$3))) | O8: =IF($H8="","",$H8-SUM($K8:$M8)+IF($N8="",0,$N8)) | P8: =IF($A8="","",YEAR($A8)) | Q8: =IF($A8="","",MONTH($A8))
I9: =IF($H9="","",$H9*Paramètres!$B$3) | J9: =IF($H9="","",$H9+$I9) | N9: =IF(SUM($K9:$M9)=0,"",SUM($K9:$M9)*(Paramètres!$B$3/(1+Paramètres!$B$3))) | O9: =IF($H9="","",$H9-SUM($K9:$M9)+IF($N9="",0,$N9)) | P9: =IF($A9="","",YEAR($A9)) | Q9: =IF($A9="","",MONTH($A9))
I10: =IF($H10="","",$H10*Paramètres!$B$3) | J10: =IF($H10="","",$H10+$I10) | N10: =IF(SUM($K10:$M10)=0,"",SUM($K10:$M10)*(Paramètres!$B$3/(1+Paramètres!$B$3))) | O10: =IF($H10="","",$H10-SUM($K10:$M10)+IF($N10="",0,$N10)) | P10: =IF($A10="","",YEAR($A10)) | Q10: =IF($A10="","",MONTH($A10))
I11: =IF($H11="","",$H11*Paramètres!$B$3) | J11: =IF($H11="","",$H11+$I11) | N11: =IF(SUM($K11:$M11)=0,"",SUM($K11:$M11)*(Paramètres!$B$3/(1+Paramètres!$B$3))) | O11: =IF($H11="","",$H11-SUM($K11:$M11)+IF($N11="",0,$N11)) | P11: =IF($A11="","",YEAR($A11)) | Q11: =IF($A11="","",MONTH($A11))
I12: =IF($H12="","",$H12*Paramètres!$B$3) | J12: =IF($H12="","",$H12+$I12) | N12: =IF(SUM($K12:$M12)=0,"",SUM($K12:$M12)*(Paramètres!$B$3/(1+Paramètres!$B$3))) | O12: =IF($H12="","",$H12-SUM($K12:$M12)+IF($N12="",0,$N12)) | P12: =IF($A12="","",YEAR($A12)) | Q12: =IF($A12="","",MONTH($A12))
I13: =IF($H13="","",$H13*Paramètres!$B$3) | J13: =IF($H13="","",$H13+$I13) | N13: =IF(SUM($K13:$M13)=0,"",SUM($K13:$M13)*(Paramètres!$B$3/(1+Paramètres!$B$3))) | O13: =IF($H13="","",$H13-SUM($K13:$M13)+IF($N13="",0,$N13)) | P13: =IF($A13="","",YEAR($A13)) | Q13: =IF($A13="","",MONTH($A13))
I14: =IF($H14="","",$H14*Paramètres!$B$3) | J14: =IF($H14="","",$H14+$I14) | N14: =IF(SUM($K14:$M14)=0,"",SUM($K14:$M14)*(Paramètres!$B$3/(1+Paramètres!$B$3))) | O14: =IF($H14="","",$H14-SUM($K14:$M14)+IF($N14="",0,$N14)) | P14: =IF($A14="","",YEAR($A14)) | Q14: =IF($A14="","",MONTH($A14))
I15: =IF($H15="","",$H15*Paramètres!$B$3) | J15: =IF($H15="","",$H15+$I15) | N15: =IF(SUM($K15:$M15)=0,"",SUM($K15:$M15)*(Paramètres!$B$3/(1+Paramètres!$B$3))) | O15: =IF($H15="","",$H15-SUM($K15:$M15)+IF($N15="",0,$N15)) | P15: =IF($A15="","",YEAR($A15)) | Q15: =IF($A15="","",MONTH($A15))
I16: =IF($H16="","",$H16*Paramètres!$B$3) | J16: =IF($H16="","",$H16+$I16) | N16: =IF(SUM($K16:$M16)=0,"",SUM($K16:$M16)*(Paramètres!$B$3/(1+Paramètres!$B$3))) | O16: =IF($H16="","",$H16-SUM($K16:$M16)+IF($N16="",0,$N16)) | P16: =IF($A16="","",YEAR($A16)) | Q16: =IF($A16="","",MONTH($A16))
... I153: =IF($H153="","",$H153*Paramètres!$B$3) | J153: =IF($H153="","",$H153+$I153) | N153: =IF(SUM($K153:$M153)=0,"",SUM($K153:$M153)*(Paramètres!$B$3/(1+Paramètres!$B$3))) | O153: =IF($H153="","",$H153-SUM($K153:$M153)+IF($N153="",0,$N153)) | P153: =IF($A153="","",YEAR($A153)) | Q153: =IF($A153="","",MONTH($A153))

Sheet Synthèse
A1: SYNTHÈSE D'ACTIVITÉ
A3: Année analysée : | B3: 2026 | C3: ← change l'année ici
A5: Par mois (année sélectionnée)
A6: Mois | B6: Nb convoyages | C6: Distance (km) | D6: CA HT (€) | E6: Carburant (€) | F6: Péages (€) | G6: Nourriture (€) | H6: TVA collectée (€) | I6: TVA déductible (€) | J6: Bénéfice (€)
A7: Janvier | B7: =COUNTIFS(Convoyages!$P$4:$P$153,$B$3,Convoyages!$Q$4:$Q$153,1) | C7: =SUMIFS(Convoyages!$G$4:$G$153,Convoyages!$P$4:$P$153,$B$3,Convoyages!$Q$4:$Q$153,1) | D7: =SUMIFS(Convoyages!$H$4:$H$153,Convoyages!$P$4:$P$153,$B$3,Convoyages!$Q$4:$Q$153,1) | E7: =SUMIFS(Convoyages!$K$4:$K$153,Convoyages!$P$4:$P$153,$B$3,Convoyages!$Q$4:$Q$153,1) | F7: =SUMIFS(Convoyages!$L$4:$L$153,Convoyages!$P$4:$P$153,$B$3,Convoyages!$Q$4:$Q$153,1) | G7: =SUMIFS(Convoyages!$M$4:$M$153,Convoyages!$P$4:$P$153,$B$3,Convoyages!$Q$4:$Q$153,1) | H7: =SUMIFS(Convoyages!$I$4:$I$153,Convoyages!$P$4:$P$153,$B$3,Convoyages!$Q$4:$Q$153,1) | I7: =SUMIFS(Convoyages!$N$4:$N$153,Convoyages!$P$4:$P$153,$B$3,Convoyages!$Q$4:$Q$153,1) | J7: =SUMIFS(Convoyages!$O$4:$O$153,Convoyages!$P$4:$P$153,$B$3,Convoyages!$Q$4:$Q$153,1)
A8: Février | B8: =COUNTIFS(Convoyages!$P$4:$P$153,$B$3,Convoyages!$Q$4:$Q$153,2) | C8: =SUMIFS(Convoyages!$G$4:$G$153,Convoyages!$P$4:$P$153,$B$3,Convoyages!$Q$4:$Q$153,2) | D8: =SUMIFS(Convoyages!$H$4:$H$153,Convoyages!$P$4:$P$153,$B$3,Convoyages!$Q$4:$Q$153,2) | E8: =SUMIFS(Convoyages!$K$4:$K$153,Convoyages!$P$4:$P$153,$B$3,Convoyages!$Q$4:$Q$153,2) | F8: =SUMIFS(Convoyages!$L$4:$L$153,Convoyages!$P$4:$P$153,$B$3,Convoyages!$Q$4:$Q$153,2) | G8: =SUMIFS(Convoyages!$M$4:$M$153,Convoyages!$P$4:$P$153,$B$3,Convoyages!$Q$4:$Q$153,2) | H8: =SUMIFS(Convoyages!$I$4:$I$153,Convoyages!$P$4:$P$153,$B$3,Convoyages!$Q$4:$Q$153,2) | I8: =SUMIFS(Convoyages!$N$4:$N$153,Convoyages!$P$4:$P$153,$B$3,Convoyages!$Q$4:$Q$153,2) | J8: =SUMIFS(Convoyages!$O$4:$O$153,Convoyages!$P$4:$P$153,$B$3,Convoyages!$Q$4:$Q$153,2)
A9: Mars | B9: =COUNTIFS(Convoyages!$P$4:$P$153,$B$3,Convoyages!$Q$4:$Q$153,3) | C9: =SUMIFS(Convoyages!$G$4:$G$153,Convoyages!$P$4:$P$153,$B$3,Convoyages!$Q$4:$Q$153,3) | D9: =SUMIFS(Convoyages!$H$4:$H$153,Convoyages!$P$4:$P$153,$B$3,Convoyages!$Q$4:$Q$153,3) | E9: =SUMIFS(Convoyages!$K$4:$K$153,Convoyages!$P$4:$P$153,$B$3,Convoyages!$Q$4:$Q$153,3) | F9: =SUMIFS(Convoyages!$L$4:$L$153,Convoyages!$P$4:$P$153,$B$3,Convoyages!$Q$4:$Q$153,3) | G9: =SUMIFS(Convoyages!$M$4:$M$153,Convoyages!$P$4:$P$153,$B$3,Convoyages!$Q$4:$Q$153,3) | H9: =SUMIFS(Convoyages!$I$4:$I$153,Convoyages!$P$4:$P$153,$B$3,Convoyages!$Q$4:$Q$153,3) | I9: =SUMIFS(Convoyages!$N$4:$N$153,Convoyages!$P$4:$P$153,$B$3,Convoyages!$Q$4:$Q$153,3) | J9: =SUMIFS(Convoyages!$O$4:$O$153,Convoyages!$P$4:$P$153,$B$3,Convoyages!$Q$4:$Q$153,3)
A10: Avril | B10: =COUNTIFS(Convoyages!$P$4:$P$153,$B$3,Convoyages!$Q$4:$Q$153,4) | C10: =SUMIFS(Convoyages!$G$4:$G$153,Convoyages!$P$4:$P$153,$B$3,Convoyages!$Q$4:$Q$153,4) | D10: =SUMIFS(Convoyages!$H$4:$H$153,Convoyages!$P$4:$P$153,$B$3,Convoyages!$Q$4:$Q$153,4) | E10: =SUMIFS(Convoyages!$K$4:$K$153,Convoyages!$P$4:$P$153,$B$3,Convoyages!$Q$4:$Q$153,4) | F10: =SUMIFS(Convoyages!$L$4:$L$153,Convoyages!$P$4:$P$153,$B$3,Convoyages!$Q$4:$Q$153,4) | G10: =SUMIFS(Convoyages!$M$4:$M$153,Convoyages!$P$4:$P$153,$B$3,Convoyages!$Q$4:$Q$153,4) | H10: =SUMIFS(Convoyages!$I$4:$I$153,Convoyages!$P$4:$P$153,$B$3,Convoyages!$Q$4:$Q$153,4) | I10: =SUMIFS(Convoyages!$N$4:$N$153,Convoyages!$P$4:$P$153,$B$3,Convoyages!$Q$4:$Q$153,4) | J10: =SUMIFS(Convoyages!$O$4:$O$153,Convoyages!$P$4:$P$153,$B$3,Convoyages!$Q$4:$Q$153,4)
A11: Mai | B11: =COUNTIFS(Convoyages!$P$4:$P$153,$B$3,Convoyages!$Q$4:$Q$153,5) | C11: =SUMIFS(Convoyages!$G$4:$G$153,Convoyages!$P$4:$P$153,$B$3,Convoyages!$Q$4:$Q$153,5) | D11: =SUMIFS(Convoyages!$H$4:$H$153,Convoyages!$P$4:$P$153,$B$3,Convoyages!$Q$4:$Q$153,5) | E11: =SUMIFS(Convoyages!$K$4:$K$153,Convoyages!$P$4:$P$153,$B$3,Convoyages!$Q$4:$Q$153,5) | F11: =SUMIFS(Convoyages!$L$4:$L$153,Convoyages!$P$4:$P$153,$B$3,Convoyages!$Q$4:$Q$153,5) | G11: =SUMIFS(Convoyages!$M$4:$M$153,Convoyages!$P$4:$P$153,$B$3,Convoyages!$Q$4:$Q$153,5) | H11: =SUMIFS(Convoyages!$I$4:$I$153,Convoyages!$P$4:$P$153,$B$3,Convoyages!$Q$4:$Q$153,5) | I11: =SUMIFS(Convoyages!$N$4:$N$153,Convoyages!$P$4:$P$153,$B$3,Convoyages!$Q$4:$Q$153,5) | J11: =SUMIFS(Convoyages!$O$4:$O$153,Convoyages!$P$4:$P$153,$B$3,Convoyages!$Q$4:$Q$153,5)
A12: Juin | B12: =COUNTIFS(Convoyages!$P$4:$P$153,$B$3,Convoyages!$Q$4:$Q$153,6) | C12: =SUMIFS(Convoyages!$G$4:$G$153,Convoyages!$P$4:$P$153,$B$3,Convoyages!$Q$4:$Q$153,6) | D12: =SUMIFS(Convoyages!$H$4:$H$153,Convoyages!$P$4:$P$153,$B$3,Convoyages!$Q$4:$Q$153,6) | E12: =SUMIFS(Convoyages!$K$4:$K$153,Convoyages!$P$4:$P$153,$B$3,Convoyages!$Q$4:$Q$153,6) | F12: =SUMIFS(Convoyages!$L$4:$L$153,Convoyages!$P$4:$P$153,$B$3,Convoyages!$Q$4:$Q$153,6) | G12: =SUMIFS(Convoyages!$M$4:$M$153,Convoyages!$P$4:$P$153,$B$3,Convoyages!$Q$4:$Q$153,6) | H12: =SUMIFS(Convoyages!$I$4:$I$153,Convoyages!$P$4:$P$153,$B$3,Convoyages!$Q$4:$Q$153,6) | I12: =SUMIFS(Convoyages!$N$4:$N$153,Convoyages!$P$4:$P$153,$B$3,Convoyages!$Q$4:$Q$153,6) | J12: =SUMIFS(Convoyages!$O$4:$O$153,Convoyages!$P$4:$P$153,$B$3,Convoyages!$Q$4:$Q$153,6)
A13: Juillet | B13: =COUNTIFS(Convoyages!$P$4:$P$153,$B$3,Convoyages!$Q$4:$Q$153,7) | C13: =SUMIFS(Convoyages!$G$4:$G$153,Convoyages!$P$4:$P$153,$B$3,Convoyages!$Q$4:$Q$153,7) | D13: =SUMIFS(Convoyages!$H$4:$H$153,Convoyages!$P$4:$P$153,$B$3,Convoyages!$Q$4:$Q$153,7) | E13: =SUMIFS(Convoyages!$K$4:$K$153,Convoyages!$P$4:$P$153,$B$3,Convoyages!$Q$4:$Q$153,7) | F13: =SUMIFS(Convoyages!$L$4:$L$153,Convoyages!$P$4:$P$153,$B$3,Convoyages!$Q$4:$Q$153,7) | G13: =SUMIFS(Convoyages!$M$4:$M$153,Convoyages!$P$4:$P$153,$B$3,Convoyages!$Q$4:$Q$153,7) | H13: =SUMIFS(Convoyages!$I$4:$I$153,Convoyages!$P$4:$P$153,$B$3,Convoyages!$Q$4:$Q$153,7) | I13: =SUMIFS(Convoyages!$N$4:$N$153,Convoyages!$P$4:$P$153,$B$3,Convoyages!$Q$4:$Q$153,7) | J13: =SUMIFS(Convoyages!$O$4:$O$153,Convoyages!$P$4:$P$153,$B$3,Convoyages!$Q$4:$Q$153,7)
A14: Août | B14: =COUNTIFS(Convoyages!$P$4:$P$153,$B$3,Convoyages!$Q$4:$Q$153,8) | C14: =SUMIFS(Convoyages!$G$4:$G$153,Convoyages!$P$4:$P$153,$B$3,Convoyages!$Q$4:$Q$153,8) | D14: =SUMIFS(Convoyages!$H$4:$H$153,Convoyages!$P$4:$P$153,$B$3,Convoyages!$Q$4:$Q$153,8) | E14: =SUMIFS(Convoyages!$K$4:$K$153,Convoyages!$P$4:$P$153,$B$3,Convoyages!$Q$4:$Q$153,8) | F14: =SUMIFS(Convoyages!$L$4:$L$153,Convoyages!$P$4:$P$153,$B$3,Convoyages!$Q$4:$Q$153,8) | G14: =SUMIFS(Convoyages!$M$4:$M$153,Convoyages!$P$4:$P$153,$B$3,Convoyages!$Q$4:$Q$153,8) | H14: =SUMIFS(Convoyages!$I$4:$I$153,Convoyages!$P$4:$P$153,$B$3,Convoyages!$Q$4:$Q$153,8) | I14: =SUMIFS(Convoyages!$N$4:$N$153,Convoyages!$P$4:$P$153,$B$3,Convoyages!$Q$4:$Q$153,8) | J14: =SUMIFS(Convoyages!$O$4:$O$153,Convoyages!$P$4:$P$153,$B$3,Convoyages!$Q$4:$Q$153,8)
A15: Septembre | B15: =COUNTIFS(Convoyages!$P$4:$P$153,$B$3,Convoyages!$Q$4:$Q$153,9) | C15: =SUMIFS(Convoyages!$G$4:$G$153,Convoyages!$P$4:$P$153,$B$3,Convoyages!$Q$4:$Q$153,9) | D15: =SUMIFS(Convoyages!$H$4:$H$153,Convoyages!$P$4:$P$153,$B$3,Convoyages!$Q$4:$Q$153,9) | E15: =SUMIFS(Convoyages!$K$4:$K$153,Convoyages!$P$4:$P$153,$B$3,Convoyages!$Q$4:$Q$153,9) | F15: =SUMIFS(Convoyages!$L$4:$L$153,Convoyages!$P$4:$P$153,$B$3,Convoyages!$Q$4:$Q$153,9) | G15: =SUMIFS(Convoyages!$M$4:$M$153,Convoyages!$P$4:$P$153,$B$3,Convoyages!$Q$4:$Q$153,9) | H15: =SUMIFS(Convoyages!$I$4:$I$153,Convoyages!$P$4:$P$153,$B$3,Convoyages!$Q$4:$Q$153,9) | I15: =SUMIFS(Convoyages!$N$4:$N$153,Convoyages!$P$4:$P$153,$B$3,Convoyages!$Q$4:$Q$153,9) | J15: =SUMIFS(Convoyages!$O$4:$O$153,Convoyages!$P$4:$P$153,$B$3,Convoyages!$Q$4:$Q$153,9)
A16: Octobre | B16: =COUNTIFS(Convoyages!$P$4:$P$153,$B$3,Convoyages!$Q$4:$Q$153,10) | C16: =SUMIFS(Convoyages!$G$4:$G$153,Convoyages!$P$4:$P$153,$B$3,Convoyages!$Q$4:$Q$153,10) | D16: =SUMIFS(Convoyages!$H$4:$H$153,Convoyages!$P$4:$P$153,$B$3,Convoyages!$Q$4:$Q$153,10) | E16: =SUMIFS(Convoyages!$K$4:$K$153,Convoyages!$P$4:$P$153,$B$3,Convoyages!$Q$4:$Q$153,10) | F16: =SUMIFS(Convoyages!$L$4:$L$153,Convoyages!$P$4:$P$153,$B$3,Convoyages!$Q$4:$Q$153,10) | G16: =SUMIFS(Convoyages!$M$4:$M$153,Convoyages!$P$4:$P$153,$B$3,Convoyages!$Q$4:$Q$153,10) | H16: =SUMIFS(Convoyages!$I$4:$I$153,Convoyages!$P$4:$P$153,$B$3,Convoyages!$Q$4:$Q$153,10) | I16: =SUMIFS(Convoyages!$N$4:$N$153,Convoyages!$P$4:$P$153,$B$3,Convoyages!$Q$4:$Q$153,10) | J16: =SUMIFS(Convoyages!$O$4:$O$153,Convoyages!$P$4:$P$153,$B$3,Convoyages!$Q$4:$Q$153,10)
A17: Novembre | B17: =COUNTIFS(Convoyages!$P$4:$P$153,$B$3,Convoyages!$Q$4:$Q$153,11) | C17: =SUMIFS(Convoyages!$G$4:$G$153,Convoyages!$P$4:$P$153,$B$3,Convoyages!$Q$4:$Q$153,11) | D17: =SUMIFS(Convoyages!$H$4:$H$153,Convoyages!$P$4:$P$153,$B$3,Convoyages!$Q$4:$Q$153,11) | E17: =SUMIFS(Convoyages!$K$4:$K$153,Convoyages!$P$4:$P$153,$B$3,Convoyages!$Q$4:$Q$153,11) | F17: =SUMIFS(Convoyages!$L$4:$L$153,Convoyages!$P$4:$P$153,$B$3,Convoyages!$Q$4:$Q$153,11) | G17: =SUMIFS(Convoyages!$M$4:$M$153,Convoyages!$P$4:$P$153,$B$3,Convoyages!$Q$4:$Q$153,11) | H17: =SUMIFS(Convoyages!$I$4:$I$153,Convoyages!$P$4:$P$153,$B$3,Convoyages!$Q$4:$Q$153,11) | I17: =SUMIFS(Convoyages!$N$4:$N$153,Convoyages!$P$4:$P$153,$B$3,Convoyages!$Q$4:$Q$153,11) | J17: =SUMIFS(Convoyages!$O$4:$O$153,Convoyages!$P$4:$P$153,$B$3,Convoyages!$Q$4:$Q$153,11)
A18: Décembre | B18: =COUNTIFS(Convoyages!$P$4:$P$153,$B$3,Convoyages!$Q$4:$Q$153,12) | C18: =SUMIFS(Convoyages!$G$4:$G$153,Convoyages!$P$4:$P$153,$B$3,Convoyages!$Q$4:$Q$153,12) | D18: =SUMIFS(Convoyages!$H$4:$H$153,Convoyages!$P$4:$P$153,$B$3,Convoyages!$Q$4:$Q$153,12) | E18: =SUMIFS(Convoyages!$K$4:$K$153,Convoyages!$P$4:$P$153,$B$3,Convoyages!$Q$4:$Q$153,12) | F18: =SUMIFS(Convoyages!$L$4:$L$153,Convoyages!$P$4:$P$153,$B$3,Convoyages!$Q$4:$Q$153,12) | G18: =SUMIFS(Convoyages!$M$4:$M$153,Convoyages!$P$4:$P$153,$B$3,Convoyages!$Q$4:$Q$153,12) | H18: =SUMIFS(Convoyages!$I$4:$I$153,Convoyages!$P$4:$P$153,$B$3,Convoyages!$Q$4:$Q$153,12) | I18: =SUMIFS(Convoyages!$N$4:$N$153,Convoyages!$P$4:$P$153,$B$3,Convoyages!$Q$4:$Q$153,12) | J18: =SUMIFS(Convoyages!$O$4:$O$153,Convoyages!$P$4:$P$153,$B$3,Convoyages!$Q$4:$Q$153,12)
A19: TOTAL ANNÉE | B19: =SUM(B7:B18) | C19: =SUM(C7:C18) | D19: =SUM(D7:D18) | E19: =SUM(E7:E18) | F19: =SUM(F7:F18) | G19: =SUM(G7:G18) | H19: =SUM(H7:H18) | I19: =SUM(I7:I18) | J19: =SUM(J7:J18)
A21: Par convoyeur (toutes périodes)
A22: Convoyeur | B22: Nb convoyages | C22: Distance (km) | D22: CA HT (€) | E22: Carburant (€) | F22: Péages (€) | G22: Nourriture (€) | H22: TVA collectée (€) | I22: TVA déductible (€) | J22: Bénéfice (€)
A23: =Convoyeurs!$A$3 | B23: =COUNTIFS(Convoyages!$B$4:$B$153,$A23) | C23: =SUMIFS(Convoyages!$G$4:$G$153,Convoyages!$B$4:$B$153,$A23) | D23: =SUMIFS(Convoyages!$H$4:$H$153,Convoyages!$B$4:$B$153,$A23) | E23: =SUMIFS(Convoyages!$K$4:$K$153,Convoyages!$B$4:$B$153,$A23) | F23: =SUMIFS(Convoyages!$L$4:$L$153,Convoyages!$B$4:$B$153,$A23) | G23: =SUMIFS(Convoyages!$M$4:$M$153,Convoyages!$B$4:$B$153,$A23) | H23: =SUMIFS(Convoyages!$I$4:$I$153,Convoyages!$B$4:$B$153,$A23) | I23: =SUMIFS(Convoyages!$N$4:$N$153,Convoyages!$B$4:$B$153,$A23) | J23: =SUMIFS(Convoyages!$O$4:$O$153,Convoyages!$B$4:$B$153,$A23)
A24: =Convoyeurs!$A$4 | B24: =COUNTIFS(Convoyages!$B$4:$B$153,$A24) | C24: =SUMIFS(Convoyages!$G$4:$G$153,Convoyages!$B$4:$B$153,$A24) | D24: =SUMIFS(Convoyages!$H$4:$H$153,Convoyages!$B$4:$B$153,$A24) | E24: =SUMIFS(Convoyages!$K$4:$K$153,Convoyages!$B$4:$B$153,$A24) | F24: =SUMIFS(Convoyages!$L$4:$L$153,Convoyages!$B$4:$B$153,$A24) | G24: =SUMIFS(Convoyages!$M$4:$M$153,Convoyages!$B$4:$B$153,$A24) | H24: =SUMIFS(Convoyages!$I$4:$I$153,Convoyages!$B$4:$B$153,$A24) | I24: =SUMIFS(Convoyages!$N$4:$N$153,Convoyages!$B$4:$B$153,$A24) | J24: =SUMIFS(Convoyages!$O$4:$O$153,Convoyages!$B$4:$B$153,$A24)
A25: =Convoyeurs!$A$5 | B25: =COUNTIFS(Convoyages!$B$4:$B$153,$A25) | C25: =SUMIFS(Convoyages!$G$4:$G$153,Convoyages!$B$4:$B$153,$A25) | D25: =SUMIFS(Convoyages!$H$4:$H$153,Convoyages!$B$4:$B$153,$A25) | E25: =SUMIFS(Convoyages!$K$4:$K$153,Convoyages!$B$4:$B$153,$A25) | F25: =SUMIFS(Convoyages!$L$4:$L$153,Convoyages!$B$4:$B$153,$A25) | G25: =SUMIFS(Convoyages!$M$4:$M$153,Convoyages!$B$4:$B$153,$A25) | H25: =SUMIFS(Convoyages!$I$4:$I$153,Convoyages!$B$4:$B$153,$A25) | I25: =SUMIFS(Convoyages!$N$4:$N$153,Convoyages!$B$4:$B$153,$A25) | J25: =SUMIFS(Convoyages!$O$4:$O$153,Convoyages!$B$4:$B$153,$A25)
A26: =Convoyeurs!$A$6 | B26: =COUNTIFS(Convoyages!$B$4:$B$153,$A26) | C26: =SUMIFS(Convoyages!$G$4:$G$153,Convoyages!$B$4:$B$153,$A26) | D26: =SUMIFS(Convoyages!$H$4:$H$153,Convoyages!$B$4:$B$153,$A26) | E26: =SUMIFS(Convoyages!$K$4:$K$153,Convoyages!$B$4:$B$153,$A26) | F26: =SUMIFS(Convoyages!$L$4:$L$153,Convoyages!$B$4:$B$153,$A26) | G26: =SUMIFS(Convoyages!$M$4:$M$153,Convoyages!$B$4:$B$153,$A26) | H26: =SUMIFS(Convoyages!$I$4:$I$153,Convoyages!$B$4:$B$153,$A26) | I26: =SUMIFS(Convoyages!$N$4:$N$153,Convoyages!$B$4:$B$153,$A26) | J26: =SUMIFS(Convoyages!$O$4:$O$153,Convoyages!$B$4:$B$153,$A26)
A28: Astuce : le détail par jour se lit directement dans l'onglet Convoyages (triable par Date).

Sheet Convoyeurs
A1: Convoyeurs
A2: Nom du convoyeur | B2: Téléphone | C2: Email | D2: Statut
A3: Mamadou Bah | B3: +33 6 12 34 56 78 | C3: mamadou.bah@axis-import.fr | D3: Actif
A4: Karim Diallo | B4: +33 6 23 45 67 89 | C4: karim.diallo@axis-import.fr | D4: Actif
A5: Awa Ndiaye | B5: +33 6 34 56 78 90 | C5: awa.ndiaye@axis-import.fr | D5: Actif
A6: Julien Moreau | B6: +33 6 45 67 89 01 | C6: julien.moreau@axis-import.fr | D6: Actif

Sheet Clients
A1: Clients
A2: Nom du client | B2: Type | C2: Contact
A3: Transports Diallo SARL | B3: Professionnel | C3: +33 1 40 00 00 00
A4: M. Amadou Sow | B4: Particulier | C4: +33 6 00 00 00 01
A5: Auto Prestige Lyon | B5: Professionnel | C5: +33 4 78 00 00 00

Sheet Véhicules
A1: Véhicules
A2: Immatriculation | B2: Marque / Modèle | C2: Catégorie
A3: AB-123-CD | B3: Peugeot 508 | C3: Berline
A4: EF-456-GH | B4: Renault Master | C4: Utilitaire
A5: GT-820-RK | B5: Renault T480 | C5: Poids lourd
A6: IJ-789-KL | B6: BMW Série 3 | C6: Berline

Sheet Lieux
A1: Lieux — France & Europe
A2: Ville | B2: Pays | C2: Libellé (menu Départ / Arrivée)
A3: Berlin | B3: Allemagne | C3: =A3&" · "&B3
A4: Cologne | B4: Allemagne | C4: =A4&" · "&B4
A5: Düsseldorf | B5: Allemagne | C5: =A5&" · "&B5
A6: Francfort | B6: Allemagne | C6: =A6&" · "&B6
A7: Fribourg | B7: Allemagne | C7: =A7&" · "&B7
A8: Hambourg | B8: Allemagne | C8: =A8&" · "&B8
A9: Munich | B9: Allemagne | C9: =A9&" · "&B9
A10: Sarrebruck | B10: Allemagne | C10: =A10&" · "&B10
A11: Stuttgart | B11: Allemagne | C11: =A11&" · "&B11
A12: Salzbourg | B12: Autriche | C12: =A12&" · "&B12
A13: Vienne | B13: Autriche | C13: =A13&" · "&B13
A14: Anvers | B14: Belgique | C14: =A14&" · "&B14
... A102: Prague | B102: Tchéquie | C102: =A102&" · "&B102

Sheet Paramètres
A1: Paramètres
A3: Taux de TVA (France) | B3: 0.2 | C3: Modifiable ici — utilisé par tout le classeur.
A4: Devise | B4: EUR (€)
A6: Grille des options (rappel — aligné sur l'application)
A7: Option | B7: Tarif | C7: Détail
A8: Express 24h | B8: +15 % | C8: Supplément sur le sous-total
A9: Assurance Premium | B9: +29,61 € | C9: Plafond 350 000 €
A10: Porte-à-porte | B10: Gratuit | C10: Inclus
A11: Enlèvement weekend | B11: +60 € | C11: Forfait
A12: Récupération colis (domicile) | B12: 25 € | C12: Forfait
A13: Enlèvement colis (point relais) | B13: 5 € | C13: Forfait
